Url,Name,Price,Sold,Category,Product_Object
https://www.lazada.vn/products/do-bo-nu-di-choi-chat-thun-mat-size-m-duoi-53kg-size-l-tu-54kg-den-65kg-size-xl-tu-65kg-den-72kg-i1072394871.html,ƒê·ªì B·ªô N·ªØ ƒêi Ch∆°i Ch·∫•t Thun M√°t Size M - d∆∞·ªõi 53kg / Size L T·ª´ 54kg ƒë·∫øn 65kg/ Size XL t·ª´ 65kg ƒë·∫øn 72kg,39000.0,3900,ƒë·ªì b·ªô,3
https://www.lazada.vn/products/set-ao-phong-tay-lo-phoi-ke-quan-ke-dai-mau-moi-i2598385570.html,S√©t √°o ph√¥ng tay l·ª° ph·ªëi k·∫ª + qu·∫ßn k·∫ª d√†i m·∫´u m·ªõi,49000.0,23,ƒë·ªì b·ªô,1
https://www.lazada.vn/products/bo-pijama-do-bo-mac-nha-nu-dang-coc-xinh-xan-i2379278926.html,"B·ªô Pijama, ƒê·ªì B·ªô M·∫∑c Nh√† N·ªØ D√°ng C·ªôc xinh x·∫Øn",19000.0,458,ƒë·ªì b·ªô,1
https://www.lazada.vn/products/re-vo-dich-tong-hop-cac-set-quan-hoat-hinh-mix-ao-phong-form-rong-unisex-i2655851219.html,[ R·∫ª V√¥ ƒê·ªãch ] T·ªïng h·ª£p c√°c s√©t qu·∫ßn ho·∫°t h√¨nh mix √°o ph√¥ng form r·ªông unisex,79200.0,265,ƒë·ªì b·ªô,1
https://www.lazada.vn/products/set-bo-ao-phong-bdbcr-nu-cotton-mix-quan-dai-ke-tho-cap-chun-i2633567179.html,Set B·ªô √°o ph√¥ng BƒëBcR N·ªØ Cotton Mix Qu·∫ßn d√†i K·∫ª Th√¥ C·∫°p Chun,49000.0,171,ƒë·ªì b·ªô,1
https://www.lazada.vn/products/set-bo-hottrend-ao-thun-babytee-gan-no-co-no-tay-quan-suong-kaki-4-soc-that-no-i2724942439.html,S√©t B·ªô Hottrend √Åo Thun Babytee G·∫Øn N∆° C·ªï N∆° Tay + Qu·∫ßn Su√¥ng Kaki 4 S·ªçc Th·∫Øt N∆°,49500.0,24,ƒë·ªì b·ªô,1
https://www.lazada.vn/products/set-bo-ao-thun-croptop-mix-quan-xuong-hoat-hinh-i2711435293.html,Set b·ªô √°o thun croptop mix qu·∫ßn xu√¥ng ho·∫°t h√¨nh,65000.0,17,ƒë·ªì b·ªô,1
https://www.lazada.vn/products/quan-ao-nu-set-ao-3-chu-gau-kem-quan-ong-rong-i2044014686.html,"QU·∫¶N √ÅO N·ªÆ, SET √ÅO 3 CH√ö G·∫§U K√àM QU·∫¶N ·ªêNG R·ªòNG",38000.0,57,ƒë·ªì b·ªô,1
https://www.lazada.vn/products/set-bo-do-nu-ao-thun-phoi-tay-bbr-mix-quan-xuong-ke-dang-rong-i2633561733.html,Set B·ªô ƒê·ªì N·ªØ √Åo Thun Ph·ªëi Tay Bbr Mix Qu·∫ßn Xu√¥ng K·∫ª D√°ng R·ªông,45000.0,56,ƒë·ªì b·ªô,1
https://www.lazada.vn/products/bo-pijama-lua-mau-moi-nhat-tay-dai-chat-lua-mem-min-mat-anh-that-i2543297162.html,"B·ªô Pijama l·ª•a üíïM·∫´u m·ªõi nh·∫•tüíï tay d√†i, ch·∫•t l·ª•a m·ªÅm m·ªãn m√°t üíØ·∫¢nh th·∫≠t",25000.0,319,ƒë·ªì b·ªô,1
https://www.lazada.vn/products/set-do-nu-ngu-mac-nha-tay-ngan-in-hoa-tiet-de-thuong-chat-luong-cao-i2634224023.html,Set ƒë·ªì n·ªØ ng·ªß m·∫∑c nh√† tay ng·∫Øn in h·ªça ti·∫øt d·ªÖ th∆∞∆°ng ch·∫•t l∆∞·ª£ng cao,43000.0,810,ƒë·ªì b·ªô,1
https://www.lazada.vn/products/bo-do-nam-nu-in-chu-icon-cheo-ao-ngang-quan-den-trang-vai-cotton-from-rong-mau-hot-2024-i2621622379.html,B·ªô ƒë·ªì nam n·ªØ in ch·ªØ ICON ch√©o √°o ngang qu·∫ßn ƒëen tr·∫Øng v·∫£i cotton from r√¥ng m·∫´u h√≥t 2024,85000.0,111,ƒë·ªì b·ªô,1
https://www.lazada.vn/products/bo-quan-ao-baggy-bobor-ao-thun-tay-lo-ke-2-tay-quan-ao-chat-cotton-day-dan-dang-rong-nam-nu-i2638102183.html,B·ªô Qu·∫ßn √Åo Baggy BOB√îR √Åo Thun Tay L·ª° k·∫ª 2 tay Qu·∫ßn √Åo Ch·∫•t Cotton D√†y D·∫∑n D√°ng R·ªông Nam N·ªØ,43000.0,161,ƒë·ªì b·ªô,1
https://www.lazada.vn/products/quan-ao-dai-nu-ong-suong-chat-lieu-phi-bong-i589978164.html,Qu·∫ßn √°o d√†i n·ªØ ·ªëng su√¥ng ch·∫•t li·ªáu phi b√≥ng,70000.0,870,ƒë·ªì b·ªô,1
https://www.lazada.vn/products/bo-mau-hoa-tiet-bao-hong-quan-dui-tay-ngan-cho-cha-me-be-tu-7kg-den-70kg-hoa-tiet-hoat-hinh-de-thuong-chat-thun-mem-min-mat-i2635424282.html,"B·ªô m·∫´u ho·∫° ti·∫øt B√°o h·ªìng qu·∫ßn ƒë√πi tay ng·∫Øn cho cha, m·∫π, b√© T·ª™ 7KG ƒê·∫æN 70KG ho·∫° ti·∫øt ho·∫°t h√¨nh d·ªÖ th∆∞∆°ng, ch·∫•t thun m·ªÅm - m·ªãn - m√°t",40000.0,112,ƒë·ªì b·ªô,1
https://www.lazada.vn/products/do-bo-nu-mac-nha-de-thuong-bo-ngu-pijama-ngan-hoat-hinh-coc-tay-mua-he-i2016109656.html,"ƒê·ªì b·ªô n·ªØ m·∫∑c nh√† d·ªÖ th∆∞∆°ng , b·ªô ng·ªß pijama ng·∫Øn ho·∫°t h√¨nh c·ªôc tay m√πa h√®",29000.0,713,ƒë·ªì b·ªô,1
https://www.lazada.vn/products/bo-pijama-do-bo-mac-nha-nu-dang-coc-de-thuong-cute-i1996773132.html,"B·ªô Pijama, ƒê·ªì B·ªô M·∫∑c Nh√† N·ªØ D√°ng C·ªôc D·ªÖ Th∆∞∆°ng Cute",29000.0,5000,ƒë·ªì b·ªô,3
https://www.lazada.vn/products/gia-re-pijama-mac-nha-cho-nu-gia-soc-hang-chay-sale-gia-re-vo-dich-i2041988552.html,"[Gi√° r·∫ª] pijama m·∫∑c nh√† cho n·ªØ gi√° s·ªëc , h√†ng ch·∫°y sale gi√° r·∫ª v√¥ ƒë·ªãch",35000.0,78,ƒë·ªì b·ªô,1
https://www.lazada.vn/products/3-size-43-65kg-do-bo-gau-tam-theu-chu-bt-quan-phoi-ke-thoi-trang-chat-thun-cotton-co-gian-i255868021.html,"(3 SIZE 43-65KG) ƒê·ªí B·ªò G·∫§U TƒÇM, TH√äU CH·ªÆ BT QU·∫¶N PH·ªêI K·∫∫ TH·ªúI TRANG CH·∫§T THUN COTTON CO GI√ÉN",57913.0,3700,ƒë·ªì b·ªô,3
https://www.lazada.vn/products/co-size-70kg-do-bo-quan-ao-thun-dua-thun-dui-con-gau-thoi-trang-chat-lieu-thun-cotton-i1085984218.html,"C√ì SIZE 70KG ƒê·ªí B·ªò QU·∫¶N √ÅO THUN ƒê≈®A, THUN ƒê√ôI CON G·∫§U TH·ªúI TRANG ch·∫•t li·ªáu thun cotton",54784.0,4400,ƒë·ªì b·ªô,3
https://www.lazada.vn/products/do-ngu-nu-pijama-mac-nha-bo-ngu-hoat-hinh-coc-tay-quan-dui-mua-he-de-thuong-i2205793953.html,ƒê·ªì ng·ªß n·ªØ pijama m·∫∑c nh√† b·ªô ng·ªß ho·∫°t h√¨nh c·ªôc tay qu·∫ßn ƒë√πi m√πa h√® d·ªÖ th∆∞∆°ng,25000.0,1200,ƒë·ªì b·ªô,1
https://www.lazada.vn/products/re-chua-tung-thay-bo-ao-so-mi-trang-tay-lo-quan-den-suong-cap-chun-don-gian-ma-thanh-lich-i2501499129.html,( r·∫ª ch∆∞a t·ª´ng th·∫•y) B·ªô √°o s∆° mi tr·∫Øng tay l·ª° + qu·∫ßn ƒëen su√¥ng c·∫°p chun ƒë∆°n gi·∫£n m√† thanh l·ªãch,35000.0,38,ƒë·ªì b·ªô,1
https://www.lazada.vn/products/set-do-bo-nu-mac-nha-re-dep-mua-he-bo-dui-the-thao-nu-bo-quan-ao-dui-nu-chat-thun-coton-in-gau-cut-thoi-xuong-may-thanh-nga-wqa-041-i2579070196.html,Set ƒë·ªì b·ªô n·ªØ m·∫∑c nh√† r·∫ª ƒë·∫πp m√πa h√® b·ªô ƒë√πi th·ªÉ thao n·ªØ b·ªô qu·∫ßn √°o ƒë√πi n·ªØ ch·∫•t thun coton in g·∫•u c·ª•t Th·ªùi X∆∞·ªüng May Thanh Nga WQA 041,49000.0,244,ƒë·ªì b·ªô,1
https://www.lazada.vn/products/recool-ao-ngan-tay-va-quan-ong-rong-bo-dan-thoai-mai-khi-mac-trang-phuc-dan-cho-nu-phu-nu-va-nu-i2416217631.html,Recool Short Sleeve Top and Wide Leg Pants Knit Set Comfortable to Wear Knit Outfits for Women Girls and Ladies,276051.0,9,ƒë·ªì b·ªô,2
https://www.lazada.vn/products/set-ba-mon-cheo-bungquan-bom-chun-ong-i1418510468.html,S√âT BA M√ìN CH√âO B·ª§NG+QU·∫¶N BOM CHUN ·ªêNG,75000.0,38,ƒë·ªì b·ªô,1
https://www.lazada.vn/products/set-baggy-jeans-ong-suong-xam-rach-mix-ao-rut-day-tim-i2510101862.html,‚≠êSet Baggy Jeans ·ªêng Su√¥ng X√°m R√°ch Mix √°o r√∫t d√¢y tim,155000.0,168,v√°y/qu·∫ßn,2
https://www.lazada.vn/products/do-ngu-goi-cam-vai-satiin-dep-bt-fashion-yem-dap-ly-dn01-i1585436921.html,ƒê·ªì Ng·ªß G·ª£i C·∫£m V·∫£i Satiin ƒê·∫πp BT FASHION (Y·∫øm D·∫≠p Ly) DN01,35400.0,561,√°o,1
https://www.lazada.vn/products/quan-ao-nu-set-ao-sweater-gau-om-sao-kem-quan-bom-day-rut-i2024179499.html,"QU·∫¶N √ÅO N·ªÆ, SET √ÅO SWEATER G·∫§U √îM SAO K√àM QU·∫¶N BOM D√ÇY R√öT",48000.0,44,ƒë·ªì b·ªô,1
https://www.lazada.vn/products/do-bo-mac-nha-nu-quan-lung-bigsize-35-82kg-mua-he-vai-thun-de-thuong-do-ngu-i2653780757.html,ƒê·ªì b·ªô m·∫∑c nh√† n·ªØ qu·∫ßn l·ª≠ng bigsize 35-82Kg m√πa h√® v·∫£i thun d·ªÖ th∆∞∆°ng ƒë·ªì ng·ªß,70996.0,1300,ƒë·ªì b·ªô,1
https://www.lazada.vn/products/quan-ao-nu-set-ao-logo-tho-kem-quan-ke-den-trang-i1948641819.html,"QU·∫¶N √ÅO N·ªÆ, SET √ÅO LOGO TH·ªé K√àM QU·∫¶N K·∫∫ ƒêEN TR·∫ÆNG",48000.0,315,ƒë·ªì b·ªô,1
https://www.lazada.vn/products/set-bo-dui-nu-from-rong-chat-cotton-su_b-i2335600527.html,S√©t B·ªô ƒê√πi N·ªØ From R·ªông Ch·∫•t Cotton Su_B,62000.0,486,ƒë·ªì b·ªô,1
https://www.lazada.vn/products/re-vo-dich-set-quan-ong-loe-chat-umi-mix-ao-phong-form-rong-unisex-trai-tim-be-i2655988191.html,[ R·∫ª V√¥ ƒê·ªãch ] S√©t qu·∫ßn ·ªëng loe ch·∫•t umi mix √°o ph√¥ng form r·ªông unisex tr√°i tim be,83000.0,112,ƒë·ªì b·ªô,1
https://www.lazada.vn/products/bo-ao-phong-ke-tay-quan-ke-chat-cotton-mat-min-nam-nu-hottrend-2024-i2688191229.html,B·ªô √°o ph√¥ng K·∫ª Tay+ Qu·∫ßn k·∫ª Ch·∫•t Cotton M√°t M·ªãn - ( Nam N·ªØ ) Hottrend 2024,41000.0,31,ƒë·ªì b·ªô,1
https://www.lazada.vn/products/set-bo-ao-croptop-khuy-nguc-mix-quan-xuong-chan-neo-i2711258907.html,Set b·ªô √°o croptop khuy ng·ª±c mix qu·∫ßn xu√¥ng chan neo,65000.0,27,ƒë·ªì b·ªô,1
https://www.lazada.vn/products/set-vay-gom-ao-tre-vai-bo-tam-be-vai-tay-dai-cheo-vat-chan-vay-dui-gan-phoi-ren-i2724994201.html,S√©t V√°y G·ªìm √Åo Tr·ªÖ Vai Bo TƒÉm B·∫ª Vai Tay D√†i Ch√©o V·∫°t + Ch√¢n V√°y ƒê≈©i G√¢n Ph·ªëi Ren,59500.0,10,ƒë·ªì b·ªô,1
https://www.lazada.vn/products/set-ao-trang-in-hinh-quan-soc-karo-ao-phong-from-rong-chat-vai-mat-thiet-ke-phong-cach-ca-tinh-mimosa-i2619110849.html,"S√©t √Åo tr·∫Øng in h√¨nh + qu·∫ßn s·ªçc karo, √Åo ph√¥ng from r·ªông, ch·∫•t v·∫£i m√°t, thi·∫øt k·∫ø phong c√°ch c√° t√≠nh - MIMOSA",69000.0,20,ƒë·ªì b·ªô,1
https://www.lazada.vn/products/set-bo-dai-do-nu-ao-thun-tay-ke-mix-quan-vai-tho-mem-ke-form-rong-unisex-i2689540241.html,Set B·ªô D√ÄI ƒê·ªì N·ªØ √Åo thun tay k·∫ª Mix Qu·∫ßn V·∫£i Th√¥ M·ªÅm K·∫ª Form R·ªông Unisex,45000.0,4000,ƒë·ªì b·ªô,3
https://www.lazada.vn/products/2-size-45-70kg-do-bo-dui-nut-sau-phom-suong-vai-dui-linen-sieu-de-thuong-mem-mat-khong-nhan-thoi-trang-i1086020403.html,[2 size 45-70KG] ƒê·ªì b·ªô ƒê≈®I N√öT SAU PHOM SU√îNG V·∫¢I ƒê≈®I LINEN SI√äU D·ªÑ TH∆Ø∆†NG M·ªÄM M√ÅT KH√îNG NHƒÇN th·ªùi trang,61618.0,470,ƒë·ªì b·ªô,1
https://www.lazada.vn/products/bo-do-ngu-nam-nu-khung-long-dong-vat-nguoi-lon-mua-dong-trang-phuc-hoat-hinh-dong-vat-pikachu-gau-truc-kigurumi-stitch-do-ngu-ao-lien-quan-i1869827869.html,Winter Adults Animal Dinosaur Onesies Women Men Pajamas Kigurumi Stitch Panda Pikachu Animal Cartoon Costume Jumpsuits Sleepwear,90000.0,0,ƒë·ªì b·ªô,1
https://www.lazada.vn/products/kieu-co-dien-cho-nu-zanzea-gian-di-ao-sat-nach-that-lung-co-gian-quan-dai-mau-tuong-phan-bo-thanh-lich-0826-i2772798503.html,ZANZEA Women Vintage Casual Sleeveless Top Elastic Waist Long Trousers Contrast Color Elegant Sets #0826,243200.0,0,√°o,2
https://www.lazada.vn/products/ao-khoac-nam-hoodie-chong-nang-whenever-ni-bong-in-noi-form-rong-nam-nu-mua-dong-cap-doi-unisex-dang-boxy-thoi-trang-ba-mau-g8_shop-01-i2590505300.html,√Åo kho√°c nam Hoodie Ch·ªëng N·∫Øng WHENEVER N·ªâ B√¥ng IN N·ªîI Form R·ªông Nam N·ªØ m√πa ƒë√¥ng c·∫∑p ƒë√¥i Unisex d√°ng boxy Th·ªùi Trang Ba M√†u - g8_shop 01,48999.0,537,√°o,1
https://www.lazada.vn/products/set-bo-quan-ong-suong-hoa-tiet-cho-neo-mix-ao-phong-thuy-thu-hang-theu-i2706778715.html,Set B·ªô Qu·∫ßn ·ªêng Su√¥ng H·ªça Ti·∫øt Ch·ªù Neo +Mix √°o ph√¥ng Th·ªßy Th·ªß h√†ng th√™u,89200.0,31,ƒë·ªì b·ªô,1
https://www.lazada.vn/products/set-ao-kem-quan-ong-rong-in-hinh-co-be-chup-anh-co-ban-le-ao-hinh-in-sac-net-ben-dep-i1780193336.html,S√âT √ÅO K√àM QU·∫¶N ·ªêNG R·ªòNG IN H√åNH C√î B√â CH·ª§P ·∫¢NH ( C√ì B√ÅN L·∫∫ √ÅO ) H√åNH IN S·∫ÆC N√âT B·ªÄN ƒê·∫∏P,49000.0,510,ƒë·ªì b·ªô,1
https://www.lazada.vn/products/tong-hop-cac-set-quan-ong-loe-ke-4-soc-mix-ao-phong-form-rong-tay-lo-cac-mau-hot-i2746125671.html,T·ªïng H·ª£p C√°c Set Qu·∫ßn ·ªêng Loe K·∫ª 4 S·ªçc Mix √Åo Ph√¥ng Form R·ªông Tay L·ª° C√°c M·∫´u Hot,93000.0,31,ƒë·ªì b·ªô,1
https://www.lazada.vn/products/set-bo-ao-thun-mix-quan-chan-neo-set-club-i2687877247.html,Set b·ªô √°o thun mix qu·∫ßn chan neo - set club,89000.0,45,ƒë·ªì b·ªô,1
https://www.lazada.vn/products/tong-hop-cac-set-bo-quan-ong-loe-chat-umi-mix-ao-phong-form-rong-tay-lo-unisex-i2694872469.html,T·ªïng H·ª£p C√°c Set B·ªô Qu·∫ßn ·ªêng Loe Ch·∫•t Umi+ Mix √Åo Ph√¥ng Form R·ªông Tay L·ª° Unisex,87000.0,19,ƒë·ªì b·ªô,1
https://www.lazada.vn/products/re-vo-dich-tong-hop-cac-set-bo-quan-ong-suong-hoa-tiet-cho-neo-mix-ao-phong-pari-trang-hong-i2706847460.html,[ R·∫ª V√¥ ƒê·ªãch] T·ªïng H·ª£p C√°c Set B·ªô Qu·∫ßn ·ªêng Su√¥ng H·ªça Ti·∫øt Ch·ªù Neo +Mix √Åo Ph√¥ng PARI TR·∫ÆNG H·ªíNG,79000.0,185,ƒë·ªì b·ªô,1
https://www.lazada.vn/products/ph120-set-bo-ao-thun-tay-ngan-co-cao-phoi-quan-dai-ong-rong-xep-ly-nu-tinh-de-thuong-i2407839139.html,"(Ph120) Set B·ªô √Åo Thun Tay Ng·∫Øn C·ªï Cao Ph·ªëi Qu·∫ßn d√†i ·ªêng R·ªông X·∫øp Ly N·ªØ T√≠nh , D·ªÖ Th∆∞∆°ng",45000.0,137,ƒë·ªì b·ªô,1
https://www.lazada.vn/products/set-bo-ao-coc-tay-co-be-di-xe-may-kem-quan-bom-day-rut-i1896905264.html,S√âT B·ªò √ÅO C·ªòC TAY C√î B√â ƒêI XE M√ÅY K√àM QU·∫¶N BOM D√ÇY R√öT,36000.0,403,ƒë·ªì b·ªô,1
https://www.lazada.vn/products/set-bo-ao-thun-mam-la-gian-doi-quan-ke-ong-rong-dep-i1728992685.html,Set B·ªô √°o thun m·∫ßm l√° gi·∫≠n d·ªói qu·∫ßn k·∫ª ·ªëng r·ªông ƒë·∫πp,39000.0,54,ƒë·ªì b·ªô,1
https://www.lazada.vn/products/do-lam-ao-trang-phat-tu-trang-phuc-truyen-thong-do-bo-mac-nha-quan-ao-phat-tu-do-lam-di-chua-mau-nu-i2535049375.html,"ƒê·ªí LAM # √ÅO TR√ÄNG PH·∫¨T T·ª¨ Trang ph·ª•c truy·ªÅn th·ªëng, ƒê·ªì b·ªô m·∫∑c nh√†, qu·∫ßn √°o Ph·∫≠t t·ª≠, ƒë·ªì lam ƒëi ch√πa m·∫´u n·ªØ",89000.0,97,ƒë·ªì b·ªô,1
https://www.lazada.vn/products/quan-short-dui-nu-co-gian-cap-chun-dang-ngan-i2308596862.html,Qu·∫ßn Short ƒê√πi N·ªØ Co Gi√£n C·∫°p Chun D√°ng Ng·∫Øn,15000.0,87,v√°y/qu·∫ßn,1
https://www.lazada.vn/products/bo-ao-thun-ngan-tay-dang-rong-quan-short-denim-lung-cao-phong-cach-the-thao-thoi-trang-mua-he-cho-nu-thoi-xuong-may-thanh-nga-wqa-042-i2579070195.html,B·ªô √Åo Thun Ng·∫Øn Tay D√°ng R·ªông + Qu·∫ßn Short Denim L∆∞ng Cao Phong C√°ch Th·ªÉ Thao Th·ªùi Trang M√πa H√® Cho N·ªØ Th·ªùi X∆∞·ªüng May Thanh Nga WQA 042,49000.0,190,ƒë·ªì b·ªô,1
https://www.lazada.vn/products/set-bo-ao-cheo-vat-coc-tay-chat-thun-tam-quan-ong-rong-chat-dui-i2499021384.html,S√©t B·ªô √Åo Ch√©o V·∫°t C·ªôc Tay Ch·∫•t Thun TƒÉm + Qu·∫ßn ·ªêng R·ªông Ch·∫•t ƒê≈©i,49500.0,112,ƒë·ªì b·ªô,1
https://www.lazada.vn/products/set-ao-thun-cuu-quan-karo-ao-phong-from-rong-chat-vai-mat-thiet-ke-phong-cach-ca-tinh-mimosa-i2325079893.html,"S√©t √Åo thun C·ª´u + qu·∫ßn karo, √Åo ph√¥ng from r·ªông, ch·∫•t v·∫£i m√°t, thi·∫øt k·∫ø phong c√°ch c√° t√≠nh - MIMOSA",59000.0,25,ƒë·ªì b·ªô,1
https://www.lazada.vn/products/bo-do-ngu-mac-nha-ao-hai-day-phoi-quan-short-mac-he-chat-mat-chili-i2589399584.html,B·ªô ƒë·ªì ng·ªß m·∫∑c nh√† √°o hai d√¢y ph·ªëi qu·∫ßn short m·∫∑c h√® ch·∫•t m√°t CHILI,39000.0,75,ƒë·ªì b·ªô,1
https://www.lazada.vn/products/mot-nut-theu-kate-trang-phuc-truyen-thong-quan-ao-nu-phat-tu-theu-hoa-van-do-lam-phat-di-chua-nu-mau-01-nut-ma-pn42a-i1947035774.html,"M·ªòT N√öT TH√äU KATE, Trang ph·ª•c truy·ªÅn th·ªìng, Qu·∫ßn √Åo n·ªØ Ph·∫≠t T·ª≠, th√™u hoa vƒÉn, ƒê·ªì Lam Ph·∫≠t ƒêi Ch√πa N·ªØ m·∫´u 01 n√∫t m√£ PN42A",152000.0,1400,ƒë·ªì b·ªô,2
https://www.lazada.vn/products/set-bo-thun-gan-kate-quan-xuong-ao-croptop-thun-gan-set-bo-2-mon-ao-thun-gan-quan-xuong-ong-rong-set-bo-nu-htun-gan-kem-anh-that-i1870167685.html,"Set b·ªô thun g√¢n Kate qu·∫ßn xu√¥ng √°o croptop thun g√¢n, set b·ªô 2 m√≥n √°o thun g√¢n qu·∫ßn xu√¥ng ·ªëng r·ªông, set b·ªô n·ªØ htun g√¢n k√®m ·∫£nh th·∫≠t",39000.0,191,ƒë·ªì b·ªô,1
https://www.lazada.vn/products/bo-do-ao-trang-id-kem-quan-xuong-ong-rong-i2345463411.html,B·ªô ƒë·ªì √°o tr·∫Øng ID k√®m qu·∫ßn xu√¥ng ·ªëng r·ªông,39000.0,139,ƒë·ªì b·ªô,1
https://www.lazada.vn/products/set-bo-ao-thun-tay-lo-phoi-quan-xuong-tron-unisex-form-rong-38-65kg-video-anh-chup-that-phu-thuy-cuoi-choi-i2122948443.html,Set b·ªô √°o thun tay l·ª° ph·ªëi qu·∫ßn xu√¥ng tr∆°n Unisex form r·ªông 38-65kg [ Video + ·∫¢nh ch·ª•p th·∫≠t ]-Ph√π thu·ª∑ c∆∞·ª°i ch·ªïi,40000.0,10,ƒë·ªì b·ªô,1
https://www.lazada.vn/products/set-ao-phong-tay-lo-phoi-ke-quan-ke-dai-i2689174377.html,S√©t √°o ph√¥ng tay l·ª° ph·ªëi k·∫ª + qu·∫ßn k·∫ª d√†i,41000.0,278,ƒë·ªì b·ªô,1
https://www.lazada.vn/products/set-ao-kem-quan-smile-phu-hop-di-choi-di-hoc-i1405532566.html,"SET √ÅO K√àM QU·∫¶N SMILE PH√ô H·ª¢P ƒêI CH∆†I, ƒêI H·ªåC",49000.0,1000,ƒë·ªì b·ªô,1
https://www.lazada.vn/products/set-do-bo-thun-gan-tam-lanh-ao-phom-suong-quan-ong-rong-i2223727075.html,Set ƒë·ªì b·ªô thun g√¢n tƒÉm l·∫°nh √°o phom su√¥ng qu·∫ßn ·ªëng r·ªông,87000.0,60,ƒë·ªì b·ªô,1
https://www.lazada.vn/products/do-bo-nu-thiet-ke-moi-2024-set-do-nu-ao-sat-nach-quan-sooc-ma-g4-i2722014631.html,"ƒê·ªì B·ªô N·ªØ Thi·∫øt K·∫ø M·ªõi 2024, Set ƒê·ªì N·ªØ, √Åo S√°t N√°ch, Qu·∫ßn Sooc, M√£ G4",175000.0,53,ƒë·ªì b·ªô,2
https://www.lazada.vn/products/set-ao-phong-co-be-so-10-quan-bom-karo-ao-phong-from-rong-chat-vai-mat-thiet-ke-phong-cach-ca-tinh-pudding-i2403382476.html,"S√©t √Åo ph√¥ng C√¥ b√© s·ªë 10 + qu·∫ßn bom karo, √Åo ph√¥ng from r·ªông, ch·∫•t v·∫£i m√°t, thi·∫øt k·∫ø phong c√°ch c√° t√≠nh - PUDDING",56000.0,425,ƒë·ªì b·ªô,1
https://www.lazada.vn/products/set-bo-ao-thun-polo-battle-form-rong-mix-quan-dui-i2306107202.html,Set B·ªô √Åo Thun Polo Bat.tle Form R·ªông Mix Qu·∫ßn ƒê√πi,49000.0,23,ƒë·ªì b·ªô,1
https://www.lazada.vn/products/thoi-trang-nu-mau-tron-playsuit-khong-tay-ho-lung-skinny-ao-lien-quan-ngan-mua-he-cau-lac-bo-rompers-thoi-trang-dao-pho-i2340854788.html,Casual Slim Playsuit Solid Color Sleeveless Sexy Backless High Waist Short Sleeve Summer U-Neck Wild Rompers Street,80623.0,28,ƒë·ªì b·ªô,1
https://www.lazada.vn/products/do-bo-nu-mua-he-lanlee-official-chat-cotton-ao-ngan-quan-ngan-in-hinh-cho-snoopy-c-i2631346297.html,ƒê·ªì B·ªô N·ªØ M√πa H√® LANLEE Official Ch·∫•t Cotton √Åo Ng·∫Øn Qu·∫ßn Ng·∫Øn In H√¨nh Ch√≥ Snoopy C,59000.0,1100,ƒë·ªì b·ªô,1
https://www.lazada.vn/products/vay-ngu-nu-sexy-kieu-ren-duoi-ca-2-day-xuyen-thau-kem-quan-lot-lot-khe-sieu-goi-cam-quyen-ru-i2346752809.html,"V√°y ng·ªß n·ªØ sexy ki·ªÉu ren ƒëu√¥i c√° 2 d√¢y xuy√™n th·∫•u k√®m qu·∫ßn l√≥t l·ªçt khe si√™u g·ª£i c·∫£m, quy·∫øn r≈©",24900.0,102,ƒë·ªì l√≥t,1
https://www.lazada.vn/products/set-do-bo-nu-mac-nha-re-dep-mua-he-bo-dui-the-thao-nu-bo-quan-ao-dui-nu-chat-thun-coton-in-gau-cut-thoi-rich-man-wqa-041-i2579002702.html,Set ƒë·ªì b·ªô n·ªØ m·∫∑c nh√† r·∫ª ƒë·∫πp m√πa h√® b·ªô ƒë√πi th·ªÉ thao n·ªØ b·ªô qu·∫ßn √°o ƒë√πi n·ªØ ch·∫•t thun coton in g·∫•u c·ª•t Th·ªùi Rich Man WQA 041,49000.0,27,ƒë·ªì b·ªô,1
https://www.lazada.vn/products/set-bo-ao-croptop-mix-quan-jean-tui-dai-i2646870619.html,Set b·ªô √°o croptop mix qu·∫ßn jean t√∫i d√†i,95000.0,11,ƒë·ªì b·ªô,1
https://www.lazada.vn/products/ph248-set-do-bo-gan-ao-thun-co-v-vien-mau-phoi-quan-ong-rong-de-thuong-xinh-gai-nu-tinh-dang-yeu-i2417227023.html,"(PH248) Set ƒê·ªì B·ªô G√¢n √Åo Thun C·ªï V Vi·ªÅn M√†u Ph·ªëi Qu·∫ßn ·ªêng R·ªông D·ªÖ Th∆∞∆°ng , Xinh G√°i , N·ªØ T√≠nh, ƒê√°ng y√™u",40000.0,116,ƒë·ªì b·ªô,1
https://www.lazada.vn/products/set-ao-phong-gau-happy-quan-bom-karo-ao-phong-from-rong-chat-vai-mat-thiet-ke-phong-cach-ca-tinh-fpudding-i2403404969.html,"S√©t √Åo ph√¥ng G·∫•u Happy + qu·∫ßn bom karo, √Åo ph√¥ng from r·ªông, ch·∫•t v·∫£i m√°t, thi·∫øt k·∫ø phong c√°ch c√° t√≠nh - FPUDDING",56000.0,4500,ƒë·ªì b·ªô,3
https://www.lazada.vn/products/set-bo-thoi-trang-quan-ong-rong-phoi-ao-co-so-mi-sieu-de-thuong-i2261210616.html,SET B·ªò TH·ªúI TRANG QU·∫¶N ·ªêNG R·ªòNG PH·ªêI √ÅO C·ªî S∆† MI SI√äU D·ªÑ TH∆Ø∆†NG,89000.0,181,ƒë·ªì b·ªô,1
https://www.lazada.vn/products/set-do-nu-mac-nha-re-dep-mua-he-bo-dui-nu-bo-quan-ao-nu-chat-thun-cotton-in-chu-the-thoi-xuong-may-thanh-nga-wqa-036-i2579011508.html,Set ƒë·ªì n·ªØ m·∫∑c nh√† r·∫ª ƒë·∫πp m√πa h√® b·ªô ƒë√πi n·ªØ b·ªô qu·∫ßn √°o n·ªØ ch·∫•t thun cotton in ch·ªØ The Th·ªùi X∆∞·ªüng May Thanh Nga WQA 036,49000.0,14,ƒë·ªì b·ªô,1
https://www.lazada.vn/products/re-vo-dich-tong-hop-cac-set-bo-quan-ke-caro-vang-bbr-mix-kem-ao-phong-form-rong-tay-lo-i2694760477.html,[R·∫ª V√¥ ƒê·ªãch] T·ªïng H·ª£p C√°c Set B·ªô Qu·∫ßn K·∫ª Caro V√†ng BBR + Mix K√®m √Åo Ph√¥ng Form R·ªông Tay L·ª°,79900.0,5,ƒë·ªì b·ªô,1
https://www.lazada.vn/products/set-ao-meo-om-nhau-tim-kem-quan-ke-rat-de-thuong-phu-hop-di-hoc-di-choi-teen-i2465363765.html,S√âT √ÅO M√àO √îM NHAU TIM K√àM QU·∫¶N K·∫∫ R·∫§T D·ªÑ TH∆Ø∆†NG [ PH√ô H·ª¢P ƒêI H·ªåC ƒêI CH∆†I ] TEEN,35000.0,17,ƒë·ªì b·ªô,1
https://www.lazada.vn/products/mua-he-modal-bo-do-ngu-phu-nu-mong-rong-quan-ao-nha-ao-phong-ngan-tay-quan-short-lon-bo-do-hai-manh-ngoai-i2773576750.html,Summer Modal Pajama Set Women's Loose Thin Home Clothes Short Sleeve T-shirt Large Shorts Outer Two Piece Set,125000.0,16,ƒë·ªì b·ªô,2
https://www.lazada.vn/products/re-vo-dich-set-bo-quan-ong-leo-chat-umi-mix-ao-phong-thuy-thu-form-rong-tay-lo-unisex-i2706977025.html,[R·∫ª v√¥ ƒë·ªãch] Set B·ªô Qu·∫ßn ·ªêng leo ch·∫•t umi+ mix √°o ph√¥ng Th·ªßy Th·ªß Form R·ªông Tay L·ª° Unisex,84000.0,0,ƒë·ªì b·ªô,1
https://www.lazada.vn/products/weci-do-ngu-goi-cam-do-lot-ren-co-day-quan-ao-ngu-goi-cam-cho-nu-dam-mini-hot-pijama-lua-do-ngu-cho-nu-i2198242252.html,WECI Sexy Pyjamas Straps Lace Lingerie Sleeping Mini Dress Hot Silk Pajamas Woman Sensual Nightclothes For Women Sleepwear,51985.0,0,ƒë·∫ßm,1
https://www.lazada.vn/products/re-vo-dich-set-bo-ao-polo-mix-quan-v-i1940798580.html,[ R·∫ª v√¥ ƒë·ªãch ] Set b·ªô √°o polo mix qu·∫ßn V,55500.0,860,ƒë·ªì b·ªô,1
https://www.lazada.vn/products/quan-sot-da-ca-unisex-co-gian-thoi-trang-freesize-duoi-65kg-i2594332341.html,Qu·∫ßn s·ªçt da c√° unisex co gi√£n th·ªùi trang freesize d∆∞·ªõi 65kg,34700.0,2800,v√°y/qu·∫ßn,3
https://www.lazada.vn/products/set-ao-in-hinh-gau-doi-mu-hut-tra-sua-di-hoc-kem-quan-ong-rong-rat-de-thuong-phu-hop-di-hoc-di-choi-i1714171822.html,S√âT √ÅO IN H√åNH G·∫§U ƒê·ªòI M≈® H√öT TR√Ä S·ªÆA ƒêI H·ªåC K√àM QU·∫¶N ·ªêNG R·ªòNG R·∫§T D·ªÑ TH∆Ø∆†NG [ PH√ô H·ª¢P ƒêI H·ªåC ƒêI CH∆†I],35000.0,119,ƒë·ªì b·ªô,1
https://www.lazada.vn/products/set-bo-ao-thun-pari-su-mix-quan-xuong-cha-neo-i2769955815.html,Set b·ªô √°o thun pari su mix qu·∫ßn xu√¥ng ch√† neo,65000.0,135,ƒë·ªì b·ªô,1
3,3,3.0,3,3,3
https://www.lazada.vn/products/top-ban-chay-bo-quan-ao-trai-cay-di-bien-hawaii-anh-that-mau-tuoi-sang-tuyen-chonnamyshop79-i343866105.html,"üíùTop b√°n ch·∫°yüíù B·ªò QU·∫¶N √ÅO TR√ÅI C√ÇY ƒêI BI·ªÇN HAWAII, ·∫¢NH TH·∫¨T. M·∫´u T∆Ø∆†I S√ÅNG tuy·ªÉn ch·ªçn(NamyShop79)",40000.0,336,ƒë·ªì b·ªô,1
https://www.lazada.vn/products/set-ao-croptop-phoi-quan-dai-lua-vai-dep-y-hinh-hang-ban-shop-i2335532242.html,s√©t √°o croptop ph·ªëi qu·∫ßn d√†i l·ª•a v·∫£i ƒë·∫πp y h√¨nh h√†ng b√°n shop,73000.0,11,ƒë·ªì b·ªô,1
https://www.lazada.vn/products/set-2-mon-quan-sooc-ho-tui-kem-ao-2-day-co-dep-nguc-i2664614523.html,Set 2 m√≥n qu·∫ßn Sooc h·ªü t√∫i k√®m √°o 2 d√¢y c√≥ ƒë·∫πp ng·ª±c,135000.0,8,ƒë·ªì b·ªô,2
https://www.lazada.vn/products/set-do-nu-mac-nha-re-dep-chu-b-phoi-tay-mau-mua-he-bo-dui-nu-quan-ngan-ao-tay-coc-in-nhiet-khong-bong-tp645-i2689435385.html,Set ƒë·ªì n·ªØ m·∫∑c nh√† r·∫ª ƒë·∫πp ch·ªØ B ph·ªëi tay m√†u m√πa h√® b·ªô ƒë√πi n·ªØ qu·∫ßn ng·∫Øn √°o tay c·ªôc in nhi·ªát kh√¥ng bong TP645,34000.0,186,ƒë·ªì b·ªô,1
https://www.lazada.vn/products/set-quan-suong-ao-co-vuong-tay-tum-i2242837072.html,Set qu·∫ßn su√¥ng + √°o c·ªï vu√¥ng tay t√∫m,45000.0,133,ƒë·ªì b·ªô,1
https://www.lazada.vn/products/quan-ao-dai-i1336110912.html,Qu·∫ßn √°o d√†i,70000.0,238,ƒë·ªì b·ªô,1
https://www.lazada.vn/products/set-bo-croptop-quan-bo-chun-mix-ao-croptop-coc-tay-co-co-i1940818356.html,Set b·ªô croptop qu·∫ßn bo chun mix √°o croptop c·ªçc tay c√≥ c·ªï,61500.0,4500,ƒë·ªì b·ªô,3
https://www.lazada.vn/products/do-bo-pijama-nu-mac-nha-ao-coc-quan-dui-hang-thiet-ke-chat-lieu-cao-cap-i2589288707.html,"ƒê·ªì B·ªô Pijama N·ªØ M·∫∑c Nh√† √Åo C·ªôc Qu·∫ßn ƒê√πi, H√†ng Thi·∫øt K·∫ø Ch·∫•t Li·ªáu Cao C·∫•p",37300.0,85,ƒë·ªì b·ªô,1
https://www.lazada.vn/products/set-ao-thun-cuu-quan-karo-ao-phong-from-rong-chat-vai-mat-thiet-ke-phong-cach-ca-tinh-leeda-i2325148429.html,"S√©t √Åo thun C·ª´u + qu·∫ßn karo, √Åo ph√¥ng from r·ªông, ch·∫•t v·∫£i m√°t, thi·∫øt k·∫ø phong c√°ch c√° t√≠nh - LEEDA",57000.0,1600,ƒë·ªì b·ªô,1
https://www.lazada.vn/products/bo-ngu-pijama-dai-tay-co-vuong-nu-set-bo-do-ngu-tieu-thu-tay-dai-quan-dai-de-thuong-i2241219349.html,"B·ªô ng·ªß pijama d√†i tay c·ªï vu√¥ng n·ªØ ,set b·ªô ƒë·ªì ng·ªß ti·ªÉu th∆∞ tay d√†i qu·∫ßn d√†i d·ªÖ th∆∞∆°ng",35000.0,2600,ƒë·ªì b·ªô,3
https://www.lazada.vn/products/bo-dui-quan-coc-ao-sat-nach-chat-vai-dui-cao-cap-sn-snlt-i2193174915.html,"B·ªô ƒê≈©i Qu·∫ßn C·ªôc, √Åo S√°t N√°ch Ch·∫•t V·∫£i ƒê≈©i Cao C·∫•p SN",114000.0,25,ƒë·ªì b·ªô,1
https://www.lazada.vn/products/dam-ngu-nu-dam-ngu-quan-ao-ngu-kem-ao-nguc-ao-hai-day-chap-va-dam-ngu-lua-mac-ngu-i2388560894.html,Women Night Dress Nightgown Nightwear With A Bra Patchwork Camisole Night Silk Dress Sleep Wear Nightdress,60637.0,53,ƒë·ªì l√≥t,1
https://www.lazada.vn/products/co-size-dai-75kg-bo-pijama-nu-mac-nha-tay-coctay-dai-quan-dai-quan-ao-ngu-nu-phong-cach-thoi-trang-sbp-i2620474887.html,"[ C√≥ size ƒë·∫°i 75kg] B·ªô pijama n·ªØ m·∫∑c nh√† tay c·ªôc,tay d√†i qu·∫ßn d√†i, qu·∫ßn √°o ng·ªß n·ªØ phong c√°ch th·ªùi trang SBP",55000.0,85,ƒë·ªì b·ªô,1
https://www.lazada.vn/products/zanzea-phong-cach-han-quoc-bo-do-nu-2-chiec-ao-blazer-tay-ao-dai-thoi-trang-moi-bo-dam-tank-midi-dong-bang-cong-so-ol-11-i2502193463.html,ZANZEA Korean Style Women's 2pcs Suits New Fashion Long Sleeve Blazer OL Work Plain Midi Tank Dress Sets #11,206646.0,31,√°o,2
https://www.lazada.vn/products/set-ao-phong-cotton-kho-kem-quan-sooc-jean-theu-chu-pari-i2664607445.html,Set √°o ph√¥ng Cotton kh√¥ k√®m qu·∫ßn Sooc Jean th√™u ch·ªØ Pari,95000.0,578,ƒë·ªì b·ªô,1
https://www.lazada.vn/products/bigsize-45-95kg-set-vay-nu-bo-do-ao-co-v-phoi-mau-bo-det-tay-ngan-kem-chan-vay-thoi-trang-du-tiec-xinh-i2633215018.html,[Bigsize 45-95kg] women's dress short sleeve V neck patchwork set with fashion pretty party skirt,139000.0,113,ƒë·ªì b·ªô,2
https://www.lazada.vn/products/set-ao-mam-la-choi-lien-quan-dang-rat-hot-hit-va-de-thuong-cho-cac-teen-di-hoc-di-choi-day-a-i1714331297.html,S√âT √ÅO M·∫¶M L√Å CH∆†I LI√äN QU√ÇN ƒêANG R·∫§T H√ìT H√çT V√Ä D·ªÑ TH∆Ø∆†NG CHO C√ÅC TEEN ƒêI H·ªåC ƒêI CH∆†I ƒê√ÇY ·∫†,35000.0,180,ƒë·ªì b·ªô,1
https://www.lazada.vn/products/freeship-voucher-8-27-mau-full-mau-bo-dui-bao-hong-pink-panther-set-do-bo-nu-hoat-hinh-cotton-phom-rong-phoi-quan-short-cartoon-unisex-i2489425692.html,[Freeship + Voucher 8%] [27 M·∫´u Full M√†u] B·ªô ƒê√πi B√°o H·ªìng Pink Panther - Set ƒê·ªì B·ªô N·ªØ ho·∫°t h√¨nh cotton phom r·ªông ph·ªëi Qu·∫ßn Short Cartoon Unisex,47900.0,1000,ƒë·ªì b·ªô,1
https://www.lazada.vn/products/set-quan-dai-phoi-ao-croptop-set-quan-kem-ao-di-choi-sang-chanh-vai-dep-i2280337277.html,s√©t qu·∫ßn d√†i ph·ªëi √°o croptop/ s√©t qu·∫ßn k√®m √°o ƒëi ch∆°i sang ch·∫£nh v·∫£i ƒë·∫πp,65000.0,244,ƒë·ªì b·ªô,1
https://www.lazada.vn/products/set-ao-in-logo-2-cun-xinh-xinh-kem-quan-ong-rong-rat-de-thuong-i1714169900.html,S√âT √ÅO IN LOGO 2 C√öN XINH XINH K√àM QU·∫¶N ·ªêNG R·ªòNG R·∫§T D·ªÑ TH∆Ø∆†NG,33333.0,19,ƒë·ªì b·ªô,1
https://www.lazada.vn/products/bo-quan-ao-nu-quan-short-ao-co-tron-sat-nach-vai-bo-gan-sieu-xinh-co-gian-tot-thiet-ke-sang-chanh-ton-dang-de-thuong-di-choi-dao-pho-deu-dep-du-mau-i2365184810.html,"B·ªô Qu·∫ßn √Åo N·ªØ, Qu·∫ßn Short, √Åo C·ªï Tr√≤n S√°t N√°ch V·∫£i Bo G√¢n Si√™u Xinh, Co Gi√£n T·ªët, Thi·∫øt K·∫ø Sang Ch·∫£nh, T√¥n D√°ng, D·ªÖ Th∆∞∆°ng, ƒêi Ch∆°i, D·∫°o Ph·ªë ƒê·ªÅu ƒê·∫πp ( ƒë·ªß m√†u )",29500.0,772,ƒë·ªì b·ªô,1
https://www.lazada.vn/products/do-bo-mac-nha-danh-cho-nu-form-quan-tay-phoi-ao-dang-vest-full-size-40-70kg-i2053652174.html,ƒê·ªí B·ªò M·∫∂C NH√Ä D√ÄNH CHO N·ªÆ FORM QU·∫¶N T√ÇY PH·ªêI √ÅO D·∫†NG VEST FULL SIZE 40-70KG,85000.0,21,ƒë·ªì b·ªô,1
https://www.lazada.vn/products/bo-ao-coc-co-so-mi-quan-dai-thiet-ke-lich-su-tre-trung-ma-e41-i2751041715.html,"B·ªô √Åo C·ªôc C·ªï S∆° Mi, Qu·∫ßn D√†i, Thi·∫øt K·∫ø L·ªãch S·ª±, Tr·∫ª Trung, M√£ E41",187000.0,18,ƒë·ªì b·ªô,2
https://www.lazada.vn/products/ph-set-do-bo-3-mon-ao-thun-croptop-2-day-in-chu-barbie-kem-ao-khoac-ngoai-phoi-quan-dai-ong-rong-in-3d-de-thuong-nu-tinh-dep-gai-i2595333210.html,"(PH) Set ƒê·ªì B·ªô 3 M√≥n √Åo Thun Croptop 2 D√¢y In Ch·ªØ Barbie K√®m √Åo Kho√°c Ngo√†i Ph·ªëi Qu·∫ßn D√†i ·ªêng R·ªông In 3D D·ªÖ Th∆∞∆°ng , N·ªØ T√≠nh , ƒê·∫πp G√°i",103000.0,935,ƒë·ªì b·ªô,1
https://www.lazada.vn/products/do-bo-pijama-nu-tieu-thu-tay-dai-quan-dai-co-beo-de-thuong-do-ngu-nu-mac-nha-gia-re-bo-do-ngu-cute-set-bo-ngu-mac-o-nha-chat-kate-thai-cho-nu-duoi-58kg-i1614790212.html,"ƒê·ªì B·ªô Pijama N·ªØ Ti·ªÉu Th∆∞ Tay D√†i Qu·∫ßn D√†i C·ªï B√®o D·ªÖ Th∆∞∆°ng .ƒê·ªì Ng·ªß N·ªØ M·∫∑c Nh√† Gi√° R·∫ª ,B·ªô ƒê·ªì Ng·ªß Cute ,Set B·ªô Ng·ªß M·∫∑c ·ªû Nh√† Ch·∫•t Kate Th√°i Cho N·ªØ D∆∞·ªõi 58kg",68000.0,23,ƒë·ªì b·ªô,1
https://www.lazada.vn/products/set-bo-sat-nach-nu-thiet-ke-co-ao-so-mi-quan-ong-rong-chat-dui-ma-m64-i2749971095.html,"Set B·ªô S√°t N√°ch N·ªØ Thi·∫øt K·∫ø, C·ªï √Åo S∆° Mi Qu·∫ßn ·ªêng R·ªông, Ch·∫•t ƒê≈©i, M√£ M64",192000.0,9,ƒë·ªì b·ªô,2
https://www.lazada.vn/products/bo-do-ngu-mua-xuan-va-mua-thu-bo-do-the-thao-chu-man-jia-cho-nu-co-tron-rong-quan-ao-gia-dinh-hello-kitty-de-thuong-quan-dai-tay-gian-di-gian-di-bo-do-hai-mon-i2502219312.html,"CHU MAN JIA Tracksuit Spring and autumn pajamas for women, loose round neck, cute Hello Kitty home clothes, simple casual long-sleeved trousers two-piece suit",86000.0,80,ƒë·ªì b·ªô,1
https://www.lazada.vn/products/bo-quan-ao-nu-quan-dai-ong-rong-ao-co-tron-tay-dai-om-body-sieu-xinh-vai-gan-co-gian-tot-thiet-ke-sang-chanh-ton-dang-de-thuong-di-choi-dao-pho-deu-dep-i2359789984.html,"B·ªô Qu·∫ßn √Åo N·ªØ, Qu·∫ßn D√†i, ·ªêng R·ªông, √Åo C·ªï Tr√≤n Tay D√†i √îm Body Si√™u Xinh, V·∫£i G√¢n, Co Gi√£n T·ªët, Thi·∫øt K·∫ø Sang Ch·∫£nh, T√¥n D√°ng, D·ªÖ Th∆∞∆°ng, ƒêi Ch∆°i, D·∫°o Ph·ªë ƒê·ªÅu ƒê·∫πp",52600.0,134,ƒë·ªì b·ªô,1
https://www.lazada.vn/products/do-bo-ngu-2-day-bo-do-ngu-mac-nha-quan-dui-chat-lua-mem-mat-chili-i2589337588.html,"ƒê·ªì b·ªô ng·ªß 2 d√¢y, b·ªô ƒë·ªì ng·ªß m·∫∑c nh√† qu·∫ßn ƒë√πi ch·∫•t l·ª•a m·ªÅm m√°t CHILI",55000.0,48,ƒë·ªì b·ªô,1
https://www.lazada.vn/products/quan-ao-nu-sang-chanh-ao-sat-nach-quan-suong-set-do-di-choi-di-du-lich-ma-a8-i2721935889.html,"Qu·∫ßn √Åo N·ªØ Sang Ch·∫£nh, √Åo S√°t N√°ch Qu·∫ßn su√¥ng, Set ƒê·ªì ƒêi Ch∆°i, ƒêi Du L·ªãch, M√£ A8",189000.0,12,ƒë·ªì b·ªô,2
https://www.lazada.vn/products/set-quan-short-den-ao-len-soc-xanh-qc-i2477884261.html,Set qu·∫ßn short ƒëen + √°o len s·ªçc xanh QC,52000.0,18,ƒë·ªì b·ªô,1
https://www.lazada.vn/products/ph-set-bo-3-ao-ong-kem-ao-luoi-tay-dai-crotop-phoi-quan-dai-ong-rong-in-chu-3d-de-thuong-nu-tinh-dep-gai-i2591701014.html,"(PH) Set B·ªô 3 √Åo ·ªêng K√®m √Åo L∆∞·ªõi Tay D√†i Crotop ph·ªëi Qu·∫ßn d√†i ·ªêng R·ªông In Ch·ªØ 3D D·ªÖ Th∆∞∆°ng , N·ªØ T√≠nh , ƒê·∫πp G√°i",105000.0,7,ƒë·ªì b·ªô,1
https://www.lazada.vn/products/quan-dui-nu-mac-nha-ong-rong-vai-xuoc-day-keo-co-tui-quan-dui-nu-dep-quan-sot-nu-quan-short-nu-quan-sooc-nu-quan-short-dui-nu-mem-mat-phoi-do-di-choi-di-cafe-i2234778039.html,"Qu·∫ßn ƒë√πi n·ªØ m·∫∑c nh√† ·ªêNG R·ªòNG, V·∫¢I X∆Ø·ª¢C, D√ÇY K√âO C√ì T√öI qu·∫ßn ƒë√πi n·ªØ ƒë·∫πp, qu·∫ßn s·ªçt n·ªØ, qu·∫ßn short n·ªØ, qu·∫ßn sooc n·ªØ, qu·∫ßn short ƒë√πi n·ªØ m·ªÅm m√°t, ph·ªëi ƒë·ªì, ƒëi ch∆°i, ƒëi cafe",35800.0,15,v√°y/qu·∫ßn,1
https://www.lazada.vn/products/do-bo-dui-co-tron-tay-coc-chat-thun-cotton-su-mem-3-size-40-70kg-i2731619017.html,ƒê·ªì B·ªô ƒê√πi C·ªï Tr√≤n Tay C·ªôc Ch·∫•t Thun Cotton Su m·ªÅm 3 size 40-70kg,79000.0,0,ƒë·ªì b·ªô,1
https://www.lazada.vn/products/quan-ao-phu-nu-mang-thai-tuoi-teen-pajama-phu-nu-mua-he-ao-ngu-suong-cho-nu-phien-ban-han-quoc-kieu-hoc-sinh-de-thuong-co-lon-i2773757003.html,Pajama Women's Summer Loose Nightgown Women Korean Version Cute Student Plus Size Teenage Pregnant Women's Home Clothes,98000.0,0,ƒë·ªì b·ªô,1
